1,Code#,bob
1,Code#,mark
1,Code#,jeff
1,New group,mary
1,New group,jenn
1,New group,zaheer
jb,digitraven,001
jb,digitraven,002
jb,digitraven,005
jb,digitraven,007
1,dfssd,sdf
1,dfssd,sdf
1,dfssd,sdf
1,dfssd,sdfdf
1,dfssd,gff
1,new,bloop
1,new,bhg
1,new,fgh
1,123,232
jasonblankenberg02@gmail.com,Code Talkers,Jason
jasonblankenberg02@gmail.com,Code Talkers,Kopano
jasonblankenberg02@gmail.com,Code Talkers,Shaqeel
jasonblankenberg02@gmail.com,Code Talkers,Phindile
jasonblankenberg02@gmail.com,Code Talkers,Bafana
new@gmail.com,Red Sonics,Matthew
new@gmail.com,Red Sonics,Zaheer
new@gmail.com,Red Sonics,Girl1
new@gmail.com,Red Sonics,Girl2
new@gmail.com,Red Sonics,Guy1
newg@gmail.com,power rangers,red
newg@gmail.com,power rangers,blue
newg@gmail.com,power rangers,yellow
newg@gmail.com,power rangers,pink
newg@gmail.com,power rangers,black
newg@gmail.com,new,mark
newg@gmail.com,new,john
newg@gmail.com,new,kevin
newg@gmail.com,new,bob
newg@gmail.com,new,andrew
newg@gmail.com,bloopers,bloop1
newg@gmail.com,bloopers,bloop2
newg@gmail.com,bloopers,bloop3
newg@gmail.com,bloopers,bloop4
newg@gmail.com,bloopers,bloop5
